step,energy,temperature,entropy,free_energy,branching_factor,output_length,output_complexity,genome_bank_size,elite_count,mutations,replications,crossovers,learns
1,198.0,0.5,0.0,198.0,1.0,0,0.0,0,0,0,0,0,0
2,196.0,0.5,0.0,196.0,1.0,0,0.0,0,0,0,0,0,0
3,195.0,0.5,0.0,195.0,1.0,0,0.0,0,0,0,0,0,0
4,194.0,0.5,0.0,194.0,1.0,0,0.0,0,0,0,0,0,0
5,192.0,0.5,0.0,192.0,1.0,0,0.0,0,0,0,0,0,0
6,191.0,0.5,0.0,191.0,1.0,0,0.0,0,0,0,0,0,0
7,192.0,0.5,0.0,192.0,1.0,0,0.0,0,0,0,0,0,0
8,190.66666666666666,0.5,0.0,190.66666666666666,1.0,0,0.0,0,0,0,0,0,0
9,189.66666666666666,0.5,0.0,189.66666666666666,1.0,0,0.0,0,0,0,0,0,0
10,187.66666666666666,0.5,0.0,187.66666666666666,1.0,0,0.0,0,0,0,0,0,0
11,186.66666666666666,0.5,0.0,186.66666666666666,1.0,0,0.0,0,0,0,0,0,0
12,187.66666666666666,0.5,0.0,187.66666666666666,1.0,0,0.0,0,0,0,0,0,0
13,186.33333333333331,0.5,0.0,186.33333333333331,1.0,0,0.0,0,0,0,0,0,0
14,185.33333333333331,0.5,0.0,185.33333333333331,1.0,1,0.0,0,0,0,0,0,0
15,185.33333333333331,0.5,0.0,185.33333333333331,1.0,1,0.0,0,0,0,0,0,0
16,182.33333333333331,0.5,0.0,182.33333333333331,0.5,1,0.0,0,0,0,0,0,0
17,181.83007499855768,0.5,0.5032583347756457,181.57844583116986,0.5,1,0.0,0,0,0,0,0,0
18,180.83007499855768,0.5,0.5032583347756457,180.57844583116986,0.5,1,0.0,0,0,0,0,0,0
19,177.83007499855768,0.5,0.5032583347756457,177.57844583116986,0.6666666666666666,1,0.0,0,0,0,0,0,0
20,175.83007499855768,0.5,0.5032583347756457,175.57844583116986,0.6666666666666666,1,0.0,0,0,1,0,0,0
21,174.83007499855768,0.5,0.5032583347756457,174.57844583116986,0.6666666666666666,1,0.0,0,0,1,0,0,0
22,173.83007499855768,0.6,0.5032583347756457,173.5281199976923,0.6666666666666666,1,0.0,0,0,1,0,0,0
23,163.83007499855768,0.6,0.5032583347756457,163.5281199976923,0.6666666666666666,1,0.0,1,0,1,1,0,0
24,163.83007499855768,0.6,0.5032583347756457,163.5281199976923,0.6666666666666666,1,0.0,1,0,1,1,0,0
25,157.83007499855768,0.6,0.5032583347756457,157.5281199976923,0.6666666666666666,1,0.0,1,0,1,1,1,0
26,157.83007499855768,0.6,0.5032583347756457,157.5281199976923,0.6666666666666666,1,0.0,1,0,1,1,1,0
27,156.83007499855768,0.6,0.5032583347756457,156.5281199976923,0.6666666666666666,2,0.0,1,0,1,1,1,0
28,155.83007499855768,0.5,0.5032583347756457,155.57844583116986,0.6666666666666666,2,0.0,1,0,1,1,1,0
29,154.83007499855768,0.5,0.5032583347756457,154.57844583116986,0.6666666666666666,0,0.0,1,0,1,1,1,0
30,152.83007499855768,0.5,0.5032583347756457,152.57844583116986,0.6666666666666666,0,0.0,1,0,1,1,1,0
31,150.83007499855768,0.5,0.5032583347756457,150.57844583116986,0.6666666666666666,0,0.0,1,0,1,1,1,0
32,149.83007499855768,0.5,0.5032583347756457,149.57844583116986,0.6666666666666666,0,0.0,1,0,1,1,1,0
33,148.83007499855768,0.5,0.5032583347756457,148.57844583116986,0.6666666666666666,0,0.0,1,0,1,1,1,0
34,146.83007499855768,0.5,0.5032583347756457,146.57844583116986,0.6666666666666666,0,0.0,1,0,1,1,1,0
35,145.83007499855768,0.5,0.5032583347756457,145.57844583116986,0.6666666666666666,0,0.0,1,0,1,1,1,0
36,146.83007499855768,0.5,0.5032583347756457,146.57844583116986,0.6666666666666666,0,0.0,1,0,1,1,1,0
37,145.49674166522433,0.5,0.5032583347756457,145.24511249783652,0.6666666666666666,0,0.0,1,0,1,1,1,0
38,144.49674166522433,0.5,0.5032583347756457,144.24511249783652,0.6666666666666666,0,0.0,1,0,1,1,1,0
39,142.49674166522433,0.5,0.5032583347756457,142.24511249783652,0.6666666666666666,0,0.0,1,0,1,1,1,0
40,141.49674166522433,0.5,0.5032583347756457,141.24511249783652,0.6666666666666666,0,0.0,1,0,1,1,1,0
41,142.49674166522433,0.5,0.5032583347756457,142.24511249783652,0.6666666666666666,0,0.0,1,0,1,1,1,0
42,141.163408331891,0.5,0.5032583347756457,140.91177916450317,0.6666666666666666,0,0.0,1,0,1,1,1,0
43,140.163408331891,0.5,0.5032583347756457,139.91177916450317,0.6666666666666666,0,0.0,1,0,1,1,1,0
44,138.163408331891,0.5,0.5032583347756457,137.91177916450317,0.6666666666666666,0,0.0,1,0,1,1,1,0
45,137.163408331891,0.5,0.5032583347756457,136.91177916450317,0.6666666666666666,0,0.0,1,0,1,1,1,0
46,138.163408331891,0.5,0.5032583347756457,137.91177916450317,0.6666666666666666,0,0.0,1,0,1,1,1,0
47,136.83007499855765,0.5,0.5032583347756457,136.57844583116983,0.6666666666666666,0,0.0,1,0,1,1,1,0
48,135.83007499855765,0.5,0.5032583347756457,135.57844583116983,0.6666666666666666,1,0.0,1,0,1,1,1,0
49,135.83007499855765,0.5,0.5032583347756457,135.57844583116983,0.6666666666666666,1,0.0,1,0,1,1,1,0
50,132.83007499855765,0.5,0.5032583347756457,132.57844583116983,0.5,1,0.0,1,0,1,1,1,0
51,132.326816663782,0.5,1.0065166695512915,131.82355832900637,0.5,1,0.0,1,0,1,1,1,0
52,131.326816663782,0.5,1.0065166695512915,130.82355832900637,0.5,1,0.0,1,0,1,1,1,0
53,128.326816663782,0.5,1.0065166695512915,127.82355832900636,0.6,1,0.0,1,0,1,1,1,0
54,126.32681666378201,0.5,1.0065166695512915,125.82355832900636,0.6,1,0.0,1,0,1,1,1,0
55,125.32681666378201,0.5,1.0065166695512915,124.82355832900636,0.6,1,0.0,1,0,1,1,1,0
56,124.32681666378201,0.6,1.0065166695512915,123.72290666205123,0.6,1,0.0,1,0,1,1,1,0
57,114.32681666378201,0.6,1.0065166695512915,113.72290666205123,0.6,1,0.0,2,0,1,2,1,0
58,114.32681666378201,0.6,1.0065166695512915,113.72290666205123,0.6,1,0.0,2,0,1,2,1,0
59,108.32681666378201,0.6,1.0065166695512915,107.72290666205123,0.6,1,0.0,2,0,1,2,2,0
60,108.32681666378201,0.6,1.0065166695512915,107.72290666205123,0.6,1,0.0,2,0,1,2,2,0
61,107.32681666378201,0.6,1.0065166695512915,106.72290666205123,0.6,2,0.0,2,0,1,2,2,0
62,106.32681666378201,0.5,1.0065166695512915,105.82355832900636,0.6,2,0.0,2,0,1,2,2,0
63,105.32681666378201,0.5,1.0065166695512915,104.82355832900636,0.6,0,0.0,2,0,1,2,2,0
64,103.32681666378201,0.5,1.0065166695512915,102.82355832900636,0.6,0,0.0,2,0,1,2,2,0
65,101.32681666378201,0.5,1.0065166695512915,100.82355832900636,0.6,0,0.0,2,0,1,2,2,0
66,100.32681666378201,0.5,1.0065166695512915,99.82355832900636,0.6,1,0.0,2,0,1,2,2,0
67,99.32681666378201,0.5,1.0065166695512915,98.82355832900636,0.6,1,0.0,2,0,1,2,2,0
68,97.32681666378201,0.5,1.0065166695512915,96.82355832900636,0.6,1,0.0,2,0,1,2,2,0
69,96.32681666378201,0.5,1.0065166695512915,95.82355832900636,0.6,1,0.0,2,0,1,2,2,0
70,97.32681666378201,0.5,1.0065166695512915,96.82355832900636,0.6,1,0.0,2,0,1,2,2,0
71,96.32681666378201,0.5,1.0065166695512915,95.82355832900636,0.6,1,0.0,2,0,1,2,2,0
72,95.32681666378201,0.5,1.0065166695512915,94.82355832900636,0.6,2,0.0,2,0,1,2,2,0
73,95.32681666378201,0.5,1.0065166695512915,94.82355832900636,0.6,2,0.0,2,0,1,2,2,0
74,92.32681666378201,0.5,1.0065166695512915,91.82355832900636,0.6666666666666666,2,0.0,2,0,1,2,2,0
75,91.34038993505116,0.5,1.9929433982821338,90.3439182359101,0.6666666666666666,2,0.0,2,0,1,2,2,0
76,90.34038993505116,0.5,1.9929433982821338,89.3439182359101,0.6666666666666666,2,0.0,2,0,1,2,2,0
77,87.34038993505116,0.5,1.9929433982821338,86.3439182359101,0.7142857142857143,2,0.0,2,0,1,2,2,0
78,85.34038993505116,0.5,1.9929433982821338,84.3439182359101,0.7142857142857143,2,0.0,2,0,2,2,2,0
79,84.34038993505116,0.5,1.9929433982821338,83.3439182359101,0.7142857142857143,2,0.0,2,0,2,2,2,0
80,83.34038993505116,0.6,1.9929433982821338,82.14462389608188,0.7142857142857143,2,0.0,2,0,2,2,2,0
81,73.34038993505116,0.6,1.9929433982821338,72.14462389608188,0.7142857142857143,2,0.0,3,0,2,3,2,0
82,73.34038993505116,0.6,1.9929433982821338,72.14462389608188,0.7142857142857143,2,0.0,3,0,2,3,2,0
83,74.34038993505116,0.6,1.9929433982821338,73.14462389608188,0.7142857142857143,2,0.0,3,0,2,3,2,0
84,74.34038993505116,0.6,1.9929433982821338,73.14462389608188,0.7142857142857143,2,0.0,3,0,2,3,2,0
85,73.34038993505116,0.6,1.9929433982821338,72.14462389608188,0.7142857142857143,3,0.0,3,0,2,3,2,0
86,72.34038993505116,0.5,1.9929433982821338,71.3439182359101,0.7142857142857143,3,0.0,3,0,2,3,2,0
87,62.340389935051164,0.5,1.9929433982821338,61.343918235910095,0.7142857142857143,3,0.0,4,0,2,4,2,0
88,60.340389935051164,0.5,1.9929433982821338,59.343918235910095,0.7142857142857143,3,0.0,4,0,2,4,2,0
89,58.340389935051164,0.5,1.9929433982821338,57.343918235910095,0.7142857142857143,3,0.0,4,0,2,4,2,0
90,57.340389935051164,0.5,1.9929433982821338,56.343918235910095,0.7142857142857143,4,0.0,4,0,2,4,2,0
91,56.340389935051164,0.5,1.9929433982821338,55.343918235910095,0.7142857142857143,4,0.0,4,0,2,4,2,0
92,54.340389935051164,0.5,1.9929433982821338,53.343918235910095,0.7142857142857143,4,0.0,4,0,2,4,2,0
93,53.340389935051164,0.5,1.9929433982821338,52.343918235910095,0.7142857142857143,4,0.0,4,0,2,4,2,0
94,54.340389935051164,0.5,1.9929433982821338,53.343918235910095,0.7142857142857143,4,0.0,4,0,2,4,2,0
95,53.340389935051164,0.5,1.9929433982821338,52.343918235910095,0.7142857142857143,4,0.0,4,0,2,4,2,0
96,43.340389935051164,0.5,1.9929433982821338,42.343918235910095,0.7142857142857143,4,0.0,5,0,2,5,2,0
97,43.340389935051164,0.5,1.9929433982821338,42.343918235910095,0.7142857142857143,4,0.0,5,0,2,5,2,0
98,40.340389935051164,0.5,1.9929433982821338,39.343918235910095,0.75,4,0.0,5,0,2,5,2,0
99,39.35396320632032,0.5,2.9793701270129764,37.86427814281384,0.75,4,0.0,5,0,2,5,2,0
100,38.35396320632032,0.5,2.9793701270129764,36.86427814281384,0.75,4,0.0,5,0,2,5,2,0
101,35.35396320632032,0.5,2.9793701270129764,33.86427814281384,0.7777777777777778,4,0.0,5,0,2,5,2,0
102,33.35396320632032,0.5,2.9793701270129764,31.864278142813834,0.7777777777777778,4,0.0,5,0,3,5,2,0
103,32.35396320632032,0.5,2.9793701270129764,30.864278142813834,0.7777777777777778,4,0.0,5,0,3,5,2,0
104,31.353963206320323,0.6,2.9793701270129764,29.566341130112537,0.7777777777777778,4,0.0,5,0,3,5,2,0
105,21.353963206320323,0.6,2.9793701270129764,19.566341130112537,0.7777777777777778,4,0.0,6,0,3,6,2,0
106,21.353963206320323,0.6,2.9793701270129764,19.566341130112537,0.7777777777777778,4,0.0,6,0,3,6,2,0
107,20.353963206320323,0.6,2.9793701270129764,18.566341130112537,0.7777777777777778,5,0.0,6,0,3,6,2,0
108,20.353963206320323,0.6,2.9793701270129764,18.566341130112537,0.7777777777777778,5,0.0,6,0,3,6,2,0
109,19.353963206320323,0.6,2.9793701270129764,17.566341130112537,0.7777777777777778,6,0.0,6,0,3,6,2,0
110,18.353963206320323,0.5,2.9793701270129764,16.864278142813834,0.7777777777777778,6,0.0,6,0,3,6,2,0
111,8.353963206320323,0.5,2.9793701270129764,6.864278142813834,0.7777777777777778,6,0.0,7,0,3,7,2,0
112,5.353963206320323,0.5,2.9793701270129764,3.8642781428138346,0.8,6,0.0,7,0,3,7,2,0
113,3.353963206320323,0.5,2.9793701270129764,1.8642781428138346,0.8,6,0.0,7,0,3,7,2,0
114,2.353963206320323,0.5,2.9793701270129764,0.8642781428138346,0.8,7,0.0,7,0,3,7,2,0
115,1.3539632063203229,0.5,2.9793701270129764,-0.13572185718616536,0.8,7,0.0,7,0,3,7,2,0
116,-0.6460367936796771,0.5,2.9793701270129764,-2.1357218571861654,0.8,7,0.0,7,0,3,7,2,0
